citation_key,identifier,verification_basis,manuscript_status
ye2026agentcontracts,doi:10.48550/arXiv.2601.08815,primary publisher/arXiv record checked during novelty audit,included
zhang2026agentlibos,doi:10.48550/arXiv.2606.03895,primary publisher/arXiv record checked during novelty audit,included
peng2026provenact,doi:10.48550/arXiv.2608.02764,primary publisher/arXiv record checked during novelty audit,included
fatmi2026faramesh,doi:10.48550/arXiv.2601.17744,primary publisher/arXiv record checked during novelty audit,included
kaul2026agentbound,doi:10.48550/arXiv.2606.30970,primary publisher/arXiv record checked during novelty audit,included
zhang2026fixedceiling,doi:10.48550/arXiv.2607.23586,primary publisher/arXiv record checked during novelty audit,included
malkapuram2025lineage,doi:10.48550/arXiv.2509.18415,primary publisher/arXiv record checked during novelty audit,included
rodriguez2026agenturi,doi:10.48550/arXiv.2601.14567,primary publisher/arXiv record checked during novelty audit,included
qu2026selfsovereign,doi:10.48550/arXiv.2604.08551,primary publisher/arXiv record checked during novelty audit,included
lin2026selfevolving,doi:10.48550/arXiv.2606.23075,primary publisher/arXiv record checked during novelty audit,included
zhang2025agentmatrix,doi:10.48550/arXiv.2509.25302,primary publisher/arXiv record checked during novelty audit,included
air2026selfreplicate,doi:10.48550/arXiv.2605.06760,primary publisher/arXiv record checked during novelty audit,included
guan2026adaptiveworms,doi:10.48550/arXiv.2606.03811,primary publisher/arXiv record checked during novelty audit,included
debenedetti2024agentdojo,doi:10.52202/079017-2636,primary publisher/arXiv record checked during novelty audit,included
liu2024agentbench,doi:10.48550/arXiv.2308.03688,primary publisher/arXiv record checked during novelty audit,included
peigne2025securitytax,doi:10.1609/aaai.v39i26.34970,primary publisher/arXiv record checked during novelty audit,included
yao2023react,doi:10.48550/arXiv.2210.03629,primary publisher/arXiv record checked during novelty audit,included
schick2023toolformer,doi:10.48550/arXiv.2302.04761,primary publisher/arXiv record checked during novelty audit,included
shinn2023reflexion,doi:10.48550/arXiv.2303.11366,primary publisher/arXiv record checked during novelty audit,included
yao2023tot,doi:10.48550/arXiv.2305.10601,primary publisher/arXiv record checked during novelty audit,included
rashid2018qmix,doi:10.48550/arXiv.1803.11485,stable bibliographic metadata manually reviewed; identifier included where known,included
wooldridge1995agents,doi:10.1017/S0269888900008122,stable bibliographic metadata manually reviewed; identifier included where known,included
smith1980contractnet,doi:10.1109/TC.1980.1675516,stable bibliographic metadata manually reviewed; identifier included where known,included
erol1994htn,no DOI/arXiv known or applicable,stable bibliographic metadata manually reviewed; identifier included where known,included
nau2003shop2,doi:10.1613/jair.1141,stable bibliographic metadata manually reviewed; identifier included where known,included
hewitt1973actors,no DOI/arXiv known or applicable,stable bibliographic metadata manually reviewed; identifier included where known,included
agha1986actors,no DOI/arXiv known or applicable,stable bibliographic metadata manually reviewed; identifier included where known,included
yadav2015hapn,no DOI/arXiv known or applicable,primary publisher/arXiv record checked during novelty audit,included
artikis2009dynamic,no DOI/arXiv known or applicable,primary publisher/arXiv record checked during novelty audit,included
oneil1986escrow,doi:10.1145/7239.7265,primary publisher/arXiv record checked during novelty audit,included
balegas2015bounded,doi:10.1109/SRDS.2015.32,primary publisher/arXiv record checked during novelty audit,included
almeida2019counters,doi:10.1007/s00446-017-0322-2,primary publisher/arXiv record checked during novelty audit,included
enes2017identity,doi:10.1145/3064889.3064894,primary publisher/arXiv record checked during novelty audit,included
shoker2015exactlyonce,doi:10.1109/SRDSW.2015.10,primary publisher/arXiv record checked during novelty audit,included
walfish2006quota,no DOI/arXiv known or applicable,stable bibliographic metadata manually reviewed; identifier included where known,included
pollack2007quota,doi:10.1109/MSST.2007.4367965,primary publisher/arXiv record checked during novelty audit,included
behl2012dqmp,doi:10.1007/978-3-642-33536-5_21,primary publisher/arXiv record checked during novelty audit,included
lakew2014treequota,doi:10.1109/SERVICES.2014.57,primary publisher/arXiv record checked during novelty audit,included
agudo2009quota,doi:10.1007/978-3-642-01465-9_20,primary publisher/arXiv record checked during novelty audit,included
dennis1966capabilities,doi:10.1145/365230.365252,primary publisher/arXiv record checked during novelty audit,included
saltzer1975protection,doi:10.1109/PROC.1975.9939,stable bibliographic metadata manually reviewed; identifier included where known,included
birgisson2014macaroons,doi:10.14722/ndss.2014.23212,primary publisher/arXiv record checked during novelty audit,included
andersen2019wave,no DOI/arXiv known or applicable,primary publisher/arXiv record checked during novelty audit,included
chuat2020delegation,doi:10.1109/EuroSP48549.2020.00046,primary publisher/arXiv record checked during novelty audit,included
hayton1998oasis,doi:10.1109/SECPRI.1998.674819,primary publisher/arXiv record checked during novelty audit,included
murray2013sel4,doi:10.1109/SP.2013.35,primary publisher/arXiv record checked during novelty audit,included
necula1997pcc,doi:10.1145/263699.263712,stable bibliographic metadata manually reviewed; identifier included where known,included
schneider2000enforceable,doi:10.1145/353323.353382,primary publisher/arXiv record checked during novelty audit,included
harel1987statecharts,doi:10.1016/0167-6423(87)90035-9,stable bibliographic metadata manually reviewed; identifier included where known,included
harel1996statemate,doi:10.1145/235321.235322,stable bibliographic metadata manually reviewed; identifier included where known,included
murata1989petrinets,doi:10.1109/5.24143,stable bibliographic metadata manually reviewed; identifier included where known,included
pnueli1977temporal,doi:10.1109/SFCS.1977.32,stable bibliographic metadata manually reviewed; identifier included where known,included
lamport1994tla,doi:10.1145/177492.177726,stable bibliographic metadata manually reviewed; identifier included where known,included
clarke1986modelchecking,doi:10.1145/5397.5399,stable bibliographic metadata manually reviewed; identifier included where known,included
alur1994timed,doi:10.1016/0304-3975(94)90010-8,stable bibliographic metadata manually reviewed; identifier included where known,included
milner2001bigraphs,doi:10.1007/3-540-44685-0_2,primary publisher/arXiv record checked during novelty audit,included
bloem2015shield,doi:10.1007/978-3-662-46681-0_51,primary publisher/arXiv record checked during novelty audit,included
pek2020onlineverification,doi:10.1038/s42256-020-0225-y,primary publisher/arXiv record checked during novelty audit,included
dijkstra1974selfstabilizing,doi:10.1145/361179.361202,stable bibliographic metadata manually reviewed; identifier included where known,included
kephart2003autonomic,doi:10.1109/MC.2003.1160055,stable bibliographic metadata manually reviewed; identifier included where known,included
garlan2004rainbow,doi:10.1109/MC.2004.175,stable bibliographic metadata manually reviewed; identifier included where known,included
lee2008cps,doi:10.1109/ISORC.2008.25,stable bibliographic metadata manually reviewed; identifier included where known,included
akyildiz2002wsn,doi:10.1016/S1389-1286(01)00302-4,stable bibliographic metadata manually reviewed; identifier included where known,included
estrin1999sensor,doi:10.1145/313451.313556,stable bibliographic metadata manually reviewed; identifier included where known,included
heinzelman2000leach,doi:10.1109/HICSS.2000.926982,stable bibliographic metadata manually reviewed; identifier included where known,included
hill2000tinyos,doi:10.1145/356989.356998,stable bibliographic metadata manually reviewed; identifier included where known,included
reynolds1987flocks,doi:10.1145/37401.37406,stable bibliographic metadata manually reviewed; identifier included where known,included
dorigo1996antsystem,doi:10.1109/3477.484436,stable bibliographic metadata manually reviewed; identifier included where known,included
kennedy1995pso,doi:10.1109/ICNN.1995.488968,stable bibliographic metadata manually reviewed; identifier included where known,included
brambilla2013swarmrobotics,doi:10.1007/s11721-012-0075-2,stable bibliographic metadata manually reviewed; identifier included where known,included
werfel2014termites,doi:10.1126/science.1245842,stable bibliographic metadata manually reviewed; identifier included where known,included
vonneumann1966selfreproducing,no DOI/arXiv known or applicable,stable bibliographic metadata manually reviewed; identifier included where known,included
langton1984selfreproduction,doi:10.1016/0167-2789(84)90256-2,stable bibliographic metadata manually reviewed; identifier included where known,included
cohen1987viruses,doi:10.1016/0167-4048(87)90122-2,stable bibliographic metadata manually reviewed; identifier included where known,included
eigen1971selforganization,doi:10.1007/BF00623322,stable bibliographic metadata manually reviewed; identifier included where known,included
stanley2002neat,doi:10.1162/106365602320169811,stable bibliographic metadata manually reviewed; identifier included where known,included
schmidhuber2003godel,arXiv:cs/0309048,stable bibliographic metadata manually reviewed; identifier included where known,included
amodei2016concrete,doi:10.48550/arXiv.1606.06565,stable bibliographic metadata manually reviewed; identifier included where known,included
leike2017gridworlds,doi:10.48550/arXiv.1711.09883,stable bibliographic metadata manually reviewed; identifier included where known,included
hadfield2017offswitch,doi:10.24963/ijcai.2017/32,stable bibliographic metadata manually reviewed; identifier included where known,included
verma2015borg,doi:10.1145/2741948.2741964,stable bibliographic metadata manually reviewed; identifier included where known,included
burns2016kubernetes,doi:10.1145/2890784,stable bibliographic metadata manually reviewed; identifier included where known,included
bellifemine2001jade,doi:10.1145/375735.376120,stable bibliographic metadata manually reviewed; identifier included where known,included
fipa2004management,no DOI/arXiv known or applicable,stable bibliographic metadata manually reviewed; identifier included where known,included
