scenario,placement,workload,step,phase,site,lets_authorized,lets_reason,lets_latency_ns,central_authorized,central_reason,central_latency_ns,actions_remaining_at_site,stranded_on_blocked_peer,site_authorized_cumulative,site_denied_cumulative,central_site_authorized_cumulative,central_site_denied_cumulative
equal-placement-equal-workload,equal,equal,0,normal,s1,True,authorized_and_claimed,21424941,True,authorized,1514165,9,0,1,0,1,0
equal-placement-equal-workload,equal,equal,1,normal,s1,True,authorized_and_claimed,21653123,True,authorized,885419,8,0,2,0,2,0
equal-placement-equal-workload,equal,equal,2,normal,s2,True,authorized_and_claimed,19957767,True,authorized,937825,9,0,1,0,1,0
equal-placement-equal-workload,equal,equal,3,normal,s2,True,authorized_and_claimed,19355647,True,authorized,1254372,8,0,2,0,2,0
equal-placement-equal-workload,equal,equal,4,normal,s3,True,authorized_and_claimed,186187539,True,authorized,1185093,9,0,1,0,1,0
equal-placement-equal-workload,equal,equal,5,normal,s3,True,authorized_and_claimed,40012447,True,authorized,1105777,8,0,2,0,2,0
equal-placement-equal-workload,equal,equal,6,partition,s1,True,authorized_and_claimed,20745250,False,application_path_partition,,7,8,3,0,2,1
equal-placement-equal-workload,equal,equal,7,partition,s1,True,authorized_and_claimed,21265134,False,application_path_partition,,6,8,4,0,2,2
equal-placement-equal-workload,equal,equal,8,partition,s1,True,authorized_and_claimed,21165992,False,application_path_partition,,5,8,5,0,2,3
equal-placement-equal-workload,equal,equal,9,partition,s2,True,authorized_and_claimed,21433102,True,authorized,1145818,7,5,3,0,3,0
equal-placement-equal-workload,equal,equal,10,partition,s2,True,authorized_and_claimed,16593531,True,authorized,1111133,6,5,4,0,4,0
equal-placement-equal-workload,equal,equal,11,partition,s2,True,authorized_and_claimed,15647468,True,authorized,1240594,5,5,5,0,5,0
equal-placement-equal-workload,equal,equal,12,partition,s3,True,authorized_and_claimed,53275986,True,authorized,1258148,7,0,3,0,3,0
equal-placement-equal-workload,equal,equal,13,partition,s3,True,authorized_and_claimed,35053975,True,authorized,1416550,6,0,4,0,4,0
equal-placement-equal-workload,equal,equal,14,partition,s3,True,authorized_and_claimed,43219887,True,authorized,1264833,5,0,5,0,5,0
equal-placement-equal-workload,equal,equal,15,recovery,s1,True,authorized_and_claimed,21324421,True,authorized,1428349,5,0,6,0,3,3
equal-placement-equal-workload,equal,equal,16,recovery,s2,True,authorized_and_claimed,24463944,True,authorized,1042864,3,0,6,0,6,0
equal-placement-equal-workload,equal,equal,17,recovery,s3,True,authorized_and_claimed,44704584,True,authorized,1428108,4,0,6,0,6,0
equal-placement-skew70-workload,equal,70-percent-s1,0,normal,s1,True,authorized_and_claimed,21563937,True,authorized,1549559,9,0,1,0,1,0
equal-placement-skew70-workload,equal,70-percent-s1,1,normal,s1,True,authorized_and_claimed,21441494,True,authorized,1184331,8,0,2,0,2,0
equal-placement-skew70-workload,equal,70-percent-s1,2,normal,s1,True,authorized_and_claimed,21701450,True,authorized,1094843,7,0,3,0,3,0
equal-placement-skew70-workload,equal,70-percent-s1,3,normal,s1,True,authorized_and_claimed,21869086,True,authorized,1126648,6,0,4,0,4,0
equal-placement-skew70-workload,equal,70-percent-s1,4,normal,s2,True,authorized_and_claimed,22373577,True,authorized,1267193,9,0,1,0,1,0
equal-placement-skew70-workload,equal,70-percent-s1,5,normal,s3,True,authorized_and_claimed,55493559,True,authorized,1378867,9,0,1,0,1,0
equal-placement-skew70-workload,equal,70-percent-s1,6,partition,s1,True,authorized_and_claimed,21791861,False,application_path_partition,,5,9,5,0,4,1
equal-placement-skew70-workload,equal,70-percent-s1,7,partition,s1,True,authorized_and_claimed,21867674,False,application_path_partition,,4,9,6,0,4,2
equal-placement-skew70-workload,equal,70-percent-s1,8,partition,s1,True,authorized_and_claimed,20904736,False,application_path_partition,,3,9,7,0,4,3
equal-placement-skew70-workload,equal,70-percent-s1,9,partition,s1,True,authorized_and_claimed,23779336,False,application_path_partition,,2,9,8,0,4,4
equal-placement-skew70-workload,equal,70-percent-s1,10,partition,s1,True,authorized_and_claimed,25681370,False,application_path_partition,,1,9,9,0,4,5
equal-placement-skew70-workload,equal,70-percent-s1,11,partition,s1,True,authorized_and_claimed,21151680,False,application_path_partition,,0,9,10,0,4,6
equal-placement-skew70-workload,equal,70-percent-s1,12,partition,s1,False,policy_denied,8197834,False,application_path_partition,,0,9,10,1,4,7
equal-placement-skew70-workload,equal,70-percent-s1,13,partition,s2,True,authorized_and_claimed,18668620,True,authorized,1289969,8,0,2,0,2,0
equal-placement-skew70-workload,equal,70-percent-s1,14,partition,s3,True,authorized_and_claimed,35321694,True,authorized,824943,8,0,2,0,2,0
equal-placement-skew70-workload,equal,70-percent-s1,15,recovery,s1,True,authorized_and_claimed,20585661,True,authorized,775929,2,0,11,1,5,7
equal-placement-skew70-workload,equal,70-percent-s1,16,recovery,s1,True,authorized_and_claimed,21575049,True,authorized,639785,1,0,12,1,6,7
equal-placement-skew70-workload,equal,70-percent-s1,17,recovery,s1,True,authorized_and_claimed,22156774,True,authorized,883638,0,0,13,1,7,7
equal-placement-skew70-workload,equal,70-percent-s1,18,recovery,s2,True,authorized_and_claimed,14842902,True,authorized,992192,4,0,3,0,3,0
equal-placement-skew70-workload,equal,70-percent-s1,19,recovery,s3,True,authorized_and_claimed,32795902,True,authorized,869371,7,0,3,0,3,0
skew70-placement-equal-workload,70-percent-s1,equal,0,normal,s1,True,authorized_and_claimed,21054689,True,authorized,1471298,20,0,1,0,1,0
skew70-placement-equal-workload,70-percent-s1,equal,1,normal,s1,True,authorized_and_claimed,21645623,True,authorized,1026663,19,0,2,0,2,0
skew70-placement-equal-workload,70-percent-s1,equal,2,normal,s2,True,authorized_and_claimed,20733836,True,authorized,928816,3,0,1,0,1,0
skew70-placement-equal-workload,70-percent-s1,equal,3,normal,s2,True,authorized_and_claimed,20360395,True,authorized,1094563,2,0,2,0,2,0
skew70-placement-equal-workload,70-percent-s1,equal,4,normal,s3,True,authorized_and_claimed,36215819,True,authorized,1213354,4,0,1,0,1,0
skew70-placement-equal-workload,70-percent-s1,equal,5,normal,s3,True,authorized_and_claimed,37177140,True,authorized,973908,3,0,2,0,2,0
skew70-placement-equal-workload,70-percent-s1,equal,6,partition,s1,True,authorized_and_claimed,21030827,False,application_path_partition,,18,2,3,0,2,1
skew70-placement-equal-workload,70-percent-s1,equal,7,partition,s1,True,authorized_and_claimed,21286070,False,application_path_partition,,17,2,4,0,2,2
skew70-placement-equal-workload,70-percent-s1,equal,8,partition,s1,True,authorized_and_claimed,23201321,False,application_path_partition,,16,2,5,0,2,3
skew70-placement-equal-workload,70-percent-s1,equal,9,partition,s2,True,authorized_and_claimed,19010519,True,authorized,970223,1,16,3,0,3,0
skew70-placement-equal-workload,70-percent-s1,equal,10,partition,s2,True,authorized_and_claimed,22499502,True,authorized,1046375,0,16,4,0,4,0
skew70-placement-equal-workload,70-percent-s1,equal,11,partition,s2,False,policy_denied,10362710,True,authorized,942051,0,16,4,1,5,0
skew70-placement-equal-workload,70-percent-s1,equal,12,partition,s3,True,authorized_and_claimed,42574700,True,authorized,1110013,2,0,3,0,3,0
skew70-placement-equal-workload,70-percent-s1,equal,13,partition,s3,True,authorized_and_claimed,46647645,True,authorized,1239422,1,0,4,0,4,0
skew70-placement-equal-workload,70-percent-s1,equal,14,partition,s3,True,authorized_and_claimed,47501496,True,authorized,1188967,0,0,5,0,5,0
skew70-placement-equal-workload,70-percent-s1,equal,15,recovery,s1,True,authorized_and_claimed,20735068,True,authorized,833981,13,0,6,0,3,3
skew70-placement-equal-workload,70-percent-s1,equal,16,recovery,s2,True,authorized_and_claimed,19592041,True,authorized,966259,1,0,5,1,6,0
skew70-placement-equal-workload,70-percent-s1,equal,17,recovery,s3,False,policy_denied,4256851,True,authorized,1033034,0,0,5,1,6,0
skew70-placement-skew70-workload,70-percent-s1,70-percent-s1,0,normal,s1,True,authorized_and_claimed,23473458,True,authorized,2189490,20,0,1,0,1,0
skew70-placement-skew70-workload,70-percent-s1,70-percent-s1,1,normal,s1,True,authorized_and_claimed,22029987,True,authorized,1116794,19,0,2,0,2,0
skew70-placement-skew70-workload,70-percent-s1,70-percent-s1,2,normal,s1,True,authorized_and_claimed,21332223,True,authorized,1071750,18,0,3,0,3,0
skew70-placement-skew70-workload,70-percent-s1,70-percent-s1,3,normal,s1,True,authorized_and_claimed,21582529,True,authorized,1142352,17,0,4,0,4,0
skew70-placement-skew70-workload,70-percent-s1,70-percent-s1,4,normal,s2,True,authorized_and_claimed,18891617,True,authorized,1335024,3,0,1,0,1,0
skew70-placement-skew70-workload,70-percent-s1,70-percent-s1,5,normal,s3,True,authorized_and_claimed,42813104,True,authorized,1282575,4,0,1,0,1,0
skew70-placement-skew70-workload,70-percent-s1,70-percent-s1,6,partition,s1,True,authorized_and_claimed,23999965,False,application_path_partition,,16,3,5,0,4,1
skew70-placement-skew70-workload,70-percent-s1,70-percent-s1,7,partition,s1,True,authorized_and_claimed,21335221,False,application_path_partition,,15,3,6,0,4,2
skew70-placement-skew70-workload,70-percent-s1,70-percent-s1,8,partition,s1,True,authorized_and_claimed,20860148,False,application_path_partition,,14,3,7,0,4,3
skew70-placement-skew70-workload,70-percent-s1,70-percent-s1,9,partition,s1,True,authorized_and_claimed,21500070,False,application_path_partition,,13,3,8,0,4,4
skew70-placement-skew70-workload,70-percent-s1,70-percent-s1,10,partition,s1,True,authorized_and_claimed,22179916,False,application_path_partition,,12,3,9,0,4,5
skew70-placement-skew70-workload,70-percent-s1,70-percent-s1,11,partition,s1,True,authorized_and_claimed,21658773,False,application_path_partition,,11,3,10,0,4,6
skew70-placement-skew70-workload,70-percent-s1,70-percent-s1,12,partition,s1,True,authorized_and_claimed,20604003,False,application_path_partition,,10,3,11,0,4,7
skew70-placement-skew70-workload,70-percent-s1,70-percent-s1,13,partition,s2,True,authorized_and_claimed,20794277,True,authorized,1020040,2,10,2,0,2,0
skew70-placement-skew70-workload,70-percent-s1,70-percent-s1,14,partition,s3,True,authorized_and_claimed,37047175,True,authorized,1111180,3,0,2,0,2,0
skew70-placement-skew70-workload,70-percent-s1,70-percent-s1,15,recovery,s1,True,authorized_and_claimed,23833247,True,authorized,1551698,10,0,12,0,5,7
skew70-placement-skew70-workload,70-percent-s1,70-percent-s1,16,recovery,s1,True,authorized_and_claimed,23105704,True,authorized,1238246,9,0,13,0,6,7
skew70-placement-skew70-workload,70-percent-s1,70-percent-s1,17,recovery,s1,True,authorized_and_claimed,21102655,True,authorized,1384393,8,0,14,0,7,7
skew70-placement-skew70-workload,70-percent-s1,70-percent-s1,18,recovery,s2,True,authorized_and_claimed,20776016,True,authorized,1559829,0,0,3,0,3,0
skew70-placement-skew70-workload,70-percent-s1,70-percent-s1,19,recovery,s3,True,authorized_and_claimed,40162128,True,authorized,1561302,2,0,3,0,3,0
